{"AcceptContextColour":{"r":0.0,"g":1.0,"b":0.0,"a":1.0},"DeclineContextColour":{"r":1.0,"g":0.0,"b":0.0,"a":1.0},"DrawDefaultInspectors":false,"DrawDefaultProperties":false,"PrimaryLayerColour":{"r":0.4699999988079071,"g":0.0,"b":1.0,"a":1.0},"SecondaryLayerColour":{"r":0.0,"g":1.0,"b":1.0,"a":1.0},"StandardNodeColour":{"r":0.25999999046325686,"g":0.6800000071525574,"b":0.2199999988079071,"a":1.0},"TertiaryLayerColour":{"r":1.0,"g":0.9215686321258545,"b":0.01568627543747425,"a":1.0},"TextColour":{"r":1.0,"g":1.0,"b":1.0,"a":1.0},"TriggeredNodeColour":{"r":1.0,"g":0.5899999737739563,"b":0.23999999463558198,"a":1.0}}